CREATE TABLE usuario (
	codigo BIGINT(20) PRIMARY KEY,
	nome VARCHAR(50) NOT NULL,
	email VARCHAR(50) NOT NULL,
	senha VARCHAR(150) NOT NULL,
	role VARCHAR(50) NOT NULL DEFAULT 'admin',
	cliente_empresa_codigo BIGINT(20) UNSIGNED NULL DEFAULT NULL,
	FOREIGN KEY (`cliente_empresa_codigo`) REFERENCES `cliente_empresa` (`id`)	
) ENGINE=InnoDB DEFAULT CHARSET=utf8;

CREATE TABLE permissao (
	codigo BIGINT(20) PRIMARY KEY,
	descricao VARCHAR(50) NOT NULL
) ENGINE=InnoDB DEFAULT CHARSET=utf8;

CREATE TABLE usuario_permissao (
	codigo_usuario BIGINT(20) NOT NULL,
	codigo_permissao BIGINT(20) NOT NULL,
	PRIMARY KEY (codigo_usuario, codigo_permissao),
	FOREIGN KEY (codigo_usuario) REFERENCES usuario(codigo),
	FOREIGN KEY (codigo_permissao) REFERENCES permissao(codigo)
) ENGINE=InnoDB DEFAULT CHARSET=utf8;

INSERT INTO usuario (codigo, nome, email, senha,cliente_empresa_codigo) values (1, 'Administrador', 'admin@algamoney.com', '$2a$10$X607ZPhQ4EgGNaYKt3n4SONjIv9zc.VMWdEuhCuba7oLAL5IvcL5.',1);
INSERT INTO usuario (codigo, nome, email, senha,cliente_empresa_codigo) values (2, 'Maria Silva', 'maria@algamoney.com', '$2a$10$Zc3w6HyuPOPXamaMhh.PQOXvDnEsadztbfi6/RyZWJDzimE8WQjaq',1);

INSERT INTO permissao (codigo, descricao) values (1, 'ROLE_CADASTRAR_CATEGORIA');
INSERT INTO permissao (codigo, descricao) values (2, 'ROLE_PESQUISAR_CATEGORIA');

INSERT INTO permissao (codigo, descricao) values (3, 'ROLE_CADASTRAR_CLIENTE');
INSERT INTO permissao (codigo, descricao) values (4, 'ROLE_REMOVER_CLIENTE');
INSERT INTO permissao (codigo, descricao) values (5, 'ROLE_PESQUISAR_CLIENTE');

-- admin
INSERT INTO usuario_permissao (codigo_usuario, codigo_permissao) values (1, 1);
INSERT INTO usuario_permissao (codigo_usuario, codigo_permissao) values (1, 2);
INSERT INTO usuario_permissao (codigo_usuario, codigo_permissao) values (1, 3);
INSERT INTO usuario_permissao (codigo_usuario, codigo_permissao) values (1, 4);
INSERT INTO usuario_permissao (codigo_usuario, codigo_permissao) values (1, 5);
-- maria
INSERT INTO usuario_permissao (codigo_usuario, codigo_permissao) values (2, 2);
INSERT INTO usuario_permissao (codigo_usuario, codigo_permissao) values (2, 5);
